<?xml version="1.0" encoding="UTF-8"?>
<GenRun Id="impl_1" LaunchPart="xczu4cg-sfvc784-1-e" LaunchTime="1548677361">
  <File Type="ROUTE-PWR" Name="design_1_wrapper_power_routed.rpt"/>
  <File Type="PA-TCL" Name="design_1_wrapper.tcl"/>
  <File Type="PWROPT-DCP" Name="design_1_wrapper_pwropt.dcp"/>
  <File Type="ROUTE-PWR-SUM" Name="design_1_wrapper_power_summary_routed.pb"/>
  <File Type="REPORTS-TCL" Name="design_1_wrapper_reports.tcl"/>
  <File Type="BG-DRC" Name="design_1_wrapper.drc"/>
  <File Type="OPT-HWDEF" Name="design_1_wrapper.hwdef"/>
  <File Type="OPT-DCP" Name="design_1_wrapper_opt.dcp"/>
  <File Type="OPT-DRC" Name="design_1_wrapper_drc_opted.rpt"/>
  <File Type="PLACE-DCP" Name="design_1_wrapper_placed.dcp"/>
  <File Type="PLACE-IO" Name="design_1_wrapper_io_placed.rpt"/>
  <File Type="PLACE-UTIL" Name="design_1_wrapper_utilization_placed.rpt"/>
  <File Type="PLACE-UTIL-PB" Name="design_1_wrapper_utilization_placed.pb"/>
  <File Type="PLACE-CTRL" Name="design_1_wrapper_control_sets_placed.rpt"/>
  <File Type="PLACE-PRE-SIMILARITY" Name="design_1_wrapper_incremental_reuse_pre_placed.rpt"/>
  <File Type="POSTPLACE-PWROPT-DCP" Name="design_1_wrapper_postplace_pwropt.dcp"/>
  <File Type="PHYSOPT-DCP" Name="design_1_wrapper_physopt.dcp"/>
  <File Type="BG-BIT" Name="design_1_wrapper.bit"/>
  <File Type="ROUTE-ERROR-DCP" Name="design_1_wrapper_routed_error.dcp"/>
  <File Type="ROUTE-DCP" Name="design_1_wrapper_routed.dcp"/>
  <File Type="ROUTE-BLACKBOX-DCP" Name="design_1_wrapper_routed_bb.dcp"/>
  <File Type="ROUTE-DRC" Name="design_1_wrapper_drc_routed.rpt"/>
  <File Type="ROUTE-DRC-PB" Name="design_1_wrapper_drc_routed.pb"/>
  <File Type="ROUTE-DRC-RPX" Name="design_1_wrapper_drc_routed.rpx"/>
  <File Type="BITSTR-MSK" Name="design_1_wrapper.msk"/>
  <File Type="ROUTE-METHODOLOGY-DRC" Name="design_1_wrapper_methodology_drc_routed.rpt"/>
  <File Type="BG-BGN" Name="design_1_wrapper.bgn"/>
  <File Type="ROUTE-METHODOLOGY-DRC-RPX" Name="design_1_wrapper_methodology_drc_routed.rpx"/>
  <File Type="BITSTR-RBT" Name="design_1_wrapper.rbt"/>
  <File Type="ROUTE-METHODOLOGY-DRC-PB" Name="design_1_wrapper_methodology_drc_routed.pb"/>
  <File Type="BG-BIN" Name="design_1_wrapper.bin"/>
  <File Type="ROUTE-PWR-RPX" Name="design_1_wrapper_power_routed.rpx"/>
  <File Type="ROUTE-STATUS" Name="design_1_wrapper_route_status.rpt"/>
  <File Type="ROUTE-STATUS-PB" Name="design_1_wrapper_route_status.pb"/>
  <File Type="ROUTE-TIMINGSUMMARY" Name="design_1_wrapper_timing_summary_routed.rpt"/>
  <File Type="ROUTE-TIMING-PB" Name="design_1_wrapper_timing_summary_routed.pb"/>
  <File Type="ROUTE-TIMING-RPX" Name="design_1_wrapper_timing_summary_routed.rpx"/>
  <File Type="ROUTE-CLK" Name="design_1_wrapper_clock_utilization_routed.rpt"/>
  <File Type="RDI-RDI" Name="design_1_wrapper.vdi"/>
  <File Type="POSTROUTE-PHYSOPT-DCP" Name="design_1_wrapper_postroute_physopt.dcp"/>
  <File Type="POSTROUTE-PHYSOPT-BLACKBOX-DCP" Name="design_1_wrapper_postroute_physopt_bb.dcp"/>
  <File Type="BITSTR-NKY" Name="design_1_wrapper.nky"/>
  <File Type="BITSTR-BMM" Name="design_1_wrapper_bd.bmm"/>
  <File Type="BITSTR-MMI" Name="design_1_wrapper.mmi"/>
  <File Type="BITSTR-LTX" Name="design_1_wrapper.ltx"/>
  <File Type="BITSTR-SYSDEF" Name="design_1_wrapper.sysdef"/>
  <File Type="WBT-USG" Name="usage_statistics_webtalk.html"/>
  <FileSet Name="sources" Type="DesignSrcs" RelSrcDir="$PSRCDIR/sources_1">
    <Filter Type="Srcs"/>
    <File Path="$PSRCDIR/sources_1/bd/design_1/design_1.bd">
      <FileInfo>
        <Attr Name="ImportPath" Val="Z:/VCS-1_FM191-ZU4CG_FW_hdmi/FM191_ZU4CG/FM191_ZU4CG.srcs/sources_1/bd/design_1/design_1.bd"/>
        <Attr Name="ImportTime" Val="1548677172"/>
        <Attr Name="UsedIn" Val="synthesis"/>
        <Attr Name="UsedIn" Val="implementation"/>
        <Attr Name="UsedIn" Val="simulation"/>
      </FileInfo>
    </File>
    <File Path="$PSRCDIR/sources_1/bd/design_1/hdl/design_1_wrapper.v">
      <FileInfo>
        <Attr Name="ImportPath" Val="Z:/VCS-1_FM191-ZU4CG_FW_hdmi/FM191_ZU4CG/FM191_ZU4CG.srcs/sources_1/bd/design_1/hdl/design_1_wrapper.v"/>
        <Attr Name="ImportTime" Val="1548677278"/>
        <Attr Name="UsedIn" Val="synthesis"/>
        <Attr Name="UsedIn" Val="implementation"/>
        <Attr Name="UsedIn" Val="simulation"/>
      </FileInfo>
    </File>
    <Config>
      <Option Name="DesignMode" Val="RTL"/>
      <Option Name="TopModule" Val="design_1_wrapper"/>
      <Option Name="TopAutoSet" Val="TRUE"/>
    </Config>
  </FileSet>
  <FileSet Name="constrs_in" Type="Constrs" RelSrcDir="$PSRCDIR/constrs_1">
    <Filter Type="Constrs"/>
    <File Path="$PSRCDIR/constrs_1/imports/VCS-1_FM191-ZU4CG_FW_hdmi/EMC2_Constraints.xdc">
      <FileInfo>
        <Attr Name="ImportPath" Val="Z:/VCS-1_FM191-ZU4CG_FW_hdmi/EMC2_Constraints.xdc"/>
        <Attr Name="ImportTime" Val="1510923656"/>
        <Attr Name="UsedIn" Val="synthesis"/>
        <Attr Name="UsedIn" Val="implementation"/>
      </FileInfo>
    </File>
    <File Path="$PSRCDIR/constrs_1/imports/VCS-1_FM191-ZU4CG_FW_hdmi/FM191_ZU4CG.xdc">
      <FileInfo>
        <Attr Name="ImportPath" Val="Z:/VCS-1_FM191-ZU4CG_FW_hdmi/FM191_ZU4CG.xdc"/>
        <Attr Name="ImportTime" Val="1538477462"/>
        <Attr Name="UsedIn" Val="synthesis"/>
        <Attr Name="UsedIn" Val="implementation"/>
      </FileInfo>
    </File>
    <Config>
      <Option Name="ConstrsType" Val="XDC"/>
    </Config>
  </FileSet>
  <Strategy Version="1" Minor="2">
    <StratHandle Name="Vivado Implementation Defaults" Flow="Vivado Implementation 2017"/>
    <Step Id="init_design"/>
    <Step Id="opt_design"/>
    <Step Id="power_opt_design"/>
    <Step Id="place_design"/>
    <Step Id="post_place_power_opt_design"/>
    <Step Id="phys_opt_design"/>
    <Step Id="route_design"/>
    <Step Id="post_route_phys_opt_design"/>
    <Step Id="write_bitstream"/>
  </Strategy>
  <BlockFileSet Type="BlockSrcs" Name="design_1_auto_ds_0"/>
  <BlockFileSet Type="BlockSrcs" Name="design_1_auto_cc_0"/>
  <BlockFileSet Type="BlockSrcs" Name="design_1_auto_pc_1"/>
  <BlockFileSet Type="BlockSrcs" Name="design_1_xbar_0"/>
  <BlockFileSet Type="BlockSrcs" Name="design_1_auto_pc_0"/>
  <BlockFileSet Type="BlockSrcs" Name="design_1_auto_us_0"/>
  <BlockFileSet Type="BlockSrcs" Name="design_1_zynq_ultra_ps_e_0_0"/>
  <BlockFileSet Type="BlockSrcs" Name="design_1_C_LEDs_0"/>
  <BlockFileSet Type="BlockSrcs" Name="design_1_IOs_0"/>
  <BlockFileSet Type="BlockSrcs" Name="design_1_ADC_UART_1_0"/>
  <BlockFileSet Type="BlockSrcs" Name="design_1_ADC_UART_3_0"/>
  <BlockFileSet Type="BlockSrcs" Name="design_1_rst_ps8_0_100M_0"/>
  <BlockFileSet Type="BlockSrcs" Name="design_1_SPI_US_Buffering_0"/>
  <BlockFileSet Type="BlockSrcs" Name="design_1_M_LEDs_0"/>
  <BlockFileSet Type="BlockSrcs" Name="design_1_ADC_UART_2_0"/>
  <BlockFileSet Type="BlockSrcs" Name="design_1_axis_fb_conv_0_0"/>
  <BlockFileSet Type="BlockSrcs" Name="design_1_xlconstant_1_0"/>
  <BlockFileSet Type="BlockSrcs" Name="design_1_UART_INT_0"/>
  <BlockFileSet Type="BlockSrcs" Name="design_1_FMC_I2C_0"/>
  <BlockFileSet Type="BlockSrcs" Name="design_1_ADC_UART_RQs_0"/>
  <BlockFileSet Type="BlockSrcs" Name="design_1_v_tc_0_0"/>
  <BlockFileSet Type="BlockSrcs" Name="design_1_axi_vdma_0_0"/>
  <BlockFileSet Type="BlockSrcs" Name="design_1_v_axi4s_vid_out_0_0"/>
  <BlockFileSet Type="BlockSrcs" Name="design_1_video_io_to_hdmi_0_0"/>
  <BlockFileSet Type="BlockSrcs" Name="design_1_xlconstant_0_0"/>
  <BlockFileSet Type="BlockSrcs" Name="design_1_proc_sys_reset_0_0"/>
  <BlockFileSet Type="BlockSrcs" Name="design_1_tpg_0"/>
</GenRun>
