<?xml version="1.0" encoding="UTF-8"?>
<GenRun Id="synth_1" LaunchPart="xczu4cg-sfvc784-1-e" LaunchTime="1548677359">
  <File Type="PA-TCL" Name="design_1_wrapper.tcl"/>
  <File Type="REPORTS-TCL" Name="design_1_wrapper_reports.tcl"/>
  <File Type="RDS-RDS" Name="design_1_wrapper.vds"/>
  <File Type="RDS-UTIL" Name="design_1_wrapper_utilization_synth.rpt"/>
  <File Type="RDS-UTIL-PB" Name="design_1_wrapper_utilization_synth.pb"/>
  <File Type="RDS-DCP" Name="design_1_wrapper.dcp"/>
  <FileSet Name="sources" Type="DesignSrcs" RelSrcDir="$PSRCDIR/sources_1">
    <Filter Type="Srcs"/>
    <File Path="$PSRCDIR/sources_1/bd/design_1/design_1.bd">
      <FileInfo>
        <Attr Name="ImportPath" Val="Z:/VCS-1_FM191-ZU4CG_FW_hdmi/FM191_ZU4CG/FM191_ZU4CG.srcs/sources_1/bd/design_1/design_1.bd"/>
        <Attr Name="ImportTime" Val="1548677172"/>
        <Attr Name="UsedIn" Val="synthesis"/>
        <Attr Name="UsedIn" Val="implementation"/>
        <Attr Name="UsedIn" Val="simulation"/>
      </FileInfo>
    </File>
    <File Path="$PSRCDIR/sources_1/bd/design_1/hdl/design_1_wrapper.v">
      <FileInfo>
        <Attr Name="ImportPath" Val="Z:/VCS-1_FM191-ZU4CG_FW_hdmi/FM191_ZU4CG/FM191_ZU4CG.srcs/sources_1/bd/design_1/hdl/design_1_wrapper.v"/>
        <Attr Name="ImportTime" Val="1548677278"/>
        <Attr Name="UsedIn" Val="synthesis"/>
        <Attr Name="UsedIn" Val="implementation"/>
        <Attr Name="UsedIn" Val="simulation"/>
      </FileInfo>
    </File>
    <Config>
      <Option Name="DesignMode" Val="RTL"/>
      <Option Name="TopModule" Val="design_1_wrapper"/>
      <Option Name="TopAutoSet" Val="TRUE"/>
    </Config>
  </FileSet>
  <FileSet Name="constrs_in" Type="Constrs" RelSrcDir="$PSRCDIR/constrs_1">
    <Filter Type="Constrs"/>
    <File Path="$PSRCDIR/constrs_1/imports/VCS-1_FM191-ZU4CG_FW_hdmi/EMC2_Constraints.xdc">
      <FileInfo>
        <Attr Name="ImportPath" Val="Z:/VCS-1_FM191-ZU4CG_FW_hdmi/EMC2_Constraints.xdc"/>
        <Attr Name="ImportTime" Val="1510923656"/>
        <Attr Name="UsedIn" Val="synthesis"/>
        <Attr Name="UsedIn" Val="implementation"/>
      </FileInfo>
    </File>
    <File Path="$PSRCDIR/constrs_1/imports/VCS-1_FM191-ZU4CG_FW_hdmi/FM191_ZU4CG.xdc">
      <FileInfo>
        <Attr Name="ImportPath" Val="Z:/VCS-1_FM191-ZU4CG_FW_hdmi/FM191_ZU4CG.xdc"/>
        <Attr Name="ImportTime" Val="1538477462"/>
        <Attr Name="UsedIn" Val="synthesis"/>
        <Attr Name="UsedIn" Val="implementation"/>
      </FileInfo>
    </File>
    <Config>
      <Option Name="ConstrsType" Val="XDC"/>
    </Config>
  </FileSet>
  <Strategy Version="1" Minor="2">
    <StratHandle Name="Vivado Synthesis Defaults" Flow="Vivado Synthesis 2017"/>
    <Step Id="synth_design"/>
  </Strategy>
  <BlockFileSet Type="BlockSrcs" Name="design_1_auto_ds_0"/>
  <BlockFileSet Type="BlockSrcs" Name="design_1_auto_cc_0"/>
  <BlockFileSet Type="BlockSrcs" Name="design_1_auto_pc_1"/>
  <BlockFileSet Type="BlockSrcs" Name="design_1_xbar_0"/>
  <BlockFileSet Type="BlockSrcs" Name="design_1_auto_pc_0"/>
  <BlockFileSet Type="BlockSrcs" Name="design_1_auto_us_0"/>
  <BlockFileSet Type="BlockSrcs" Name="design_1_zynq_ultra_ps_e_0_0"/>
  <BlockFileSet Type="BlockSrcs" Name="design_1_C_LEDs_0"/>
  <BlockFileSet Type="BlockSrcs" Name="design_1_IOs_0"/>
  <BlockFileSet Type="BlockSrcs" Name="design_1_ADC_UART_1_0"/>
  <BlockFileSet Type="BlockSrcs" Name="design_1_ADC_UART_3_0"/>
  <BlockFileSet Type="BlockSrcs" Name="design_1_rst_ps8_0_100M_0"/>
  <BlockFileSet Type="BlockSrcs" Name="design_1_SPI_US_Buffering_0"/>
  <BlockFileSet Type="BlockSrcs" Name="design_1_M_LEDs_0"/>
  <BlockFileSet Type="BlockSrcs" Name="design_1_ADC_UART_2_0"/>
  <BlockFileSet Type="BlockSrcs" Name="design_1_axis_fb_conv_0_0"/>
  <BlockFileSet Type="BlockSrcs" Name="design_1_xlconstant_1_0"/>
  <BlockFileSet Type="BlockSrcs" Name="design_1_UART_INT_0"/>
  <BlockFileSet Type="BlockSrcs" Name="design_1_FMC_I2C_0"/>
  <BlockFileSet Type="BlockSrcs" Name="design_1_ADC_UART_RQs_0"/>
  <BlockFileSet Type="BlockSrcs" Name="design_1_v_tc_0_0"/>
  <BlockFileSet Type="BlockSrcs" Name="design_1_axi_vdma_0_0"/>
  <BlockFileSet Type="BlockSrcs" Name="design_1_v_axi4s_vid_out_0_0"/>
  <BlockFileSet Type="BlockSrcs" Name="design_1_video_io_to_hdmi_0_0"/>
  <BlockFileSet Type="BlockSrcs" Name="design_1_xlconstant_0_0"/>
  <BlockFileSet Type="BlockSrcs" Name="design_1_proc_sys_reset_0_0"/>
  <BlockFileSet Type="BlockSrcs" Name="design_1_tpg_0"/>
</GenRun>
