<?xml version="1.0" encoding="UTF-8"?>
<GenRun Id="design_1_auto_us_0_synth_1" LaunchPart="xczu4cg-sfvc784-1-e" LaunchTime="1548677355">
  <File Type="PA-TCL" Name="design_1_auto_us_0.tcl"/>
  <File Type="REPORTS-TCL" Name="design_1_auto_us_0_reports.tcl"/>
  <File Type="RDS-RDS" Name="design_1_auto_us_0.vds"/>
  <File Type="RDS-UTIL" Name="design_1_auto_us_0_utilization_synth.rpt"/>
  <File Type="RDS-UTIL-PB" Name="design_1_auto_us_0_utilization_synth.pb"/>
  <File Type="RDS-DCP" Name="design_1_auto_us_0.dcp"/>
  <FileSet Name="sources" Type="BlockSrcs" RelSrcDir="$PSRCDIR/design_1_auto_us_0">
    <File Path="$PSRCDIR/sources_1/bd/design_1/ip/design_1_auto_us_0/design_1_auto_us_0.xci">
      <FileInfo>
        <Attr Name="ImportPath" Val="Z:/VCS-1_FM191-ZU4CG_FW_hdmi/FM191_ZU4CG/FM191_ZU4CG.srcs/sources_1/bd/design_1/ip/design_1_auto_us_0/design_1_auto_us_0.xci"/>
        <Attr Name="ImportTime" Val="1548677171"/>
        <Attr Name="UsedIn" Val="synthesis"/>
        <Attr Name="UsedIn" Val="implementation"/>
        <Attr Name="UsedIn" Val="simulation"/>
      </FileInfo>
    </File>
    <Config>
      <Option Name="TopModule" Val="design_1_auto_us_0"/>
      <Option Name="UseBlackboxStub" Val="1"/>
    </Config>
  </FileSet>
  <FileSet Name="constrs_in" Type="BlockSrcs" RelSrcDir="$PSRCDIR/design_1_auto_us_0">
    <File Path="$PSRCDIR/sources_1/bd/design_1/ip/design_1_auto_us_0/design_1_auto_us_0.xci">
      <FileInfo>
        <Attr Name="ImportPath" Val="Z:/VCS-1_FM191-ZU4CG_FW_hdmi/FM191_ZU4CG/FM191_ZU4CG.srcs/sources_1/bd/design_1/ip/design_1_auto_us_0/design_1_auto_us_0.xci"/>
        <Attr Name="ImportTime" Val="1548677171"/>
        <Attr Name="UsedIn" Val="synthesis"/>
        <Attr Name="UsedIn" Val="implementation"/>
        <Attr Name="UsedIn" Val="simulation"/>
      </FileInfo>
    </File>
    <Config>
      <Option Name="TopModule" Val="design_1_auto_us_0"/>
      <Option Name="UseBlackboxStub" Val="1"/>
    </Config>
  </FileSet>
  <Strategy Version="1" Minor="2">
    <StratHandle Name="Vivado Synthesis Defaults" Flow="Vivado Synthesis 2017"/>
    <Step Id="synth_design"/>
  </Strategy>
</GenRun>
